term,mean,sd,lowerCI,median,upperCI,trait,lowerQ,upperQ
cf.T0,11.494136306888699,1.5951827855661387,8.505745909049049,11.418543449646062,14.97831718667896,PDR,NA,NA
cf.Tm,35.34235436874772,5.848150201846359,27.069661887330334,34.33891687185954,49.32787084673202,PDR,NA,NA
cf.q,9.65784078539765e-5,3.0065690744989816e-5,5.250234013317245e-5,9.190021644598074e-5,1.6787668192676868e-4,PDR,NA,NA
cf.sigma,0.01322589375690105,0.006096598330178225,0.006509501284424398,0.011757100063257407,0.028371373280568823,PDR,NA,NA
deviance,-42.878920356767935,3.547924808679508,-47.17390193915386,-43.729153810970445,-34.008050561487835,PDR,NA,NA
Topt,29.699553333333334,4.557179353437773,23.2,28.9,40.8,PDR,26.2,32.3
Tbreadth,23.848218061859022,6.144767310110504,14.610000572981683,22.964983357538344,38.1667554860533,PDR,NA,NA
