Temp,DayiL3,DevRate
24,12,0.083333
20,16,0.0625
15,31,0.032258
12.5,61,0.016393
8.5,did not develop,
