term,mean,sd,lowerCI,median,upperCI,trait,lowerQ,upperQ
cf.T0,7.236722305,0.711448962,5.891438859,7.219296255,8.68984922,MDR,NA,NA
cf.Tm,35.68481425,1.229202625,33.41192378,35.63879288,38.20175655,MDR,NA,NA
cf.q,8.20E-05,7.43E-06,6.81E-05,8.17E-05,9.74E-05,MDR,NA,NA
cf.sigma,0.036571337,0.004204318,0.029207005,0.036282586,0.045806513,MDR,NA,NA
deviance,-209.4887013,6.965720878,-223.0485697,-209.4341028,-195.7274078,MDR,NA,NA
Topt,29.37432667,1.004690088,27.5,29.3,31.4,MDR,28.7,30
Tbreadth,28.44809194,1.27382022,26.05638741,28.41763531,31.027512,MDR,NA,NA
