term,mean,sd,lowerCI,median,upperCI,trait,lowerQ,upperQ
cf.T0,1.7576342699256655,1.4559289940428028,0.05241851143471749,1.4361391595295347,5.281111454073881,EV,NA,NA
cf.Tm,48.775271442746856,3.8455760732979445,41.21779990256498,48.82427822333433,56.17977721404893,EV,NA,NA
cf.q,0.0018355192636523802,4.825477471112473e-4,0.001226363583327002,0.0017348227316577747,0.0030605583380939497,EV,NA,NA
cf.sigma,0.11090424538750439,0.07602471157374799,0.04047352058689293,0.09011721288842288,0.30463626958479123,EV,NA,NA
deviance,-12.173446036458765,4.993905500280174,-19.43361294315937,-12.982665052420097,-0.24623339652879417,EV,NA,NA
Topt,24.09038,3.065007189802046,16.6,24.8,28.4,EV,22.7,26.2
Tbreadth,47.017637172821196,4.704491928800173,37.28911388464192,47.21144962378223,55.61063872291293,EV,NA,NA
