"","term","mean","sd","lowerCI","lowerQ","median","upperQ","upperCI","trait"
"1","Tmin",13.4651083333333,1.41238615157139,10.8,12.6,13.4,14.3,16.6,"S"
"2","Tmax",30.5481666666667,2.37274190145068,25.8,28.9,30.6,32.4,34.7,"S"
"3","Topt",24.072125,1.31008848760766,21.3,23.3,24.2,25,26.4,"S"
"4","Tbreadth",17.0830583333333,2.74429585563264,11.5,15.2,17.2,19.1,22.1,"S"
