term,mean,sd,lowerCI,lowerQ,median,upperQ,upperCI,trait
cf.T0,1.7195981867524064,2.614245440707353,-3.3049202920532097,-0.15987846583629062,1.8976052669924157,3.6108985138271086,6.482212379256574,bc
cf.Tm,34.28420171761693,1.859038262740815,31.062175927822672,33.11874945994766,34.11959197288084,35.29167713542014,38.569913197892596,bc
cf.q,0.0032267461894519255,0.0010374043568280727,0.0018325629564715632,0.0025422799732937496,0.0030811273493600516,0.0037184274154582813,0.005481193097508237,bc
Topt,18.002175,1.1010353275929512,15.7,17.3,18.1,18.7,20.1,bc
