term,mean,sd,lowerCI,median,upperCI,trait,lowerQ,upperQ
cf.T0,5.607817125800701,2.614245440707353,0.5832986359744768,5.785824201550284,10.370431313979074,bc,NA,NA
cf.Tm,38.172420656665224,1.859038262740815,34.95039485043035,38.0078109105167,42.45813212093614,bc,NA,NA
cf.q,0.0032267461894519255,0.0010374043568280727,0.0018325629556695934,0.0030811273455722283,0.005481193044349766,bc,NA,NA
cf.sigma,0.1114549633311549,0.04402088988997299,0.06072540970127814,0.10157260998148611,0.2186460229092805,bc,NA,NA
deviance,-16.043336336919644,3.9520553887879153,-20.982911035908995,-16.964223585911668,-5.964163726170996,bc,NA,NA
Topt,21.881625,1.1078208933017872,19.6,21.9,23.9,bc,21.2,22.6
Tbreadth,32.564603530864524,3.96639454413257,25.346960914027196,32.290184385460464,40.514571103483874,bc,NA,NA
