term,mean,sd,lowerCI,median,upperCI,trait,lowerQ,upperQ
cf.T0,10.086422222708215,1.7768782381959674,5.7286811900833445,10.333790502440907,12.833446243710409,pLA,NA,NA
cf.Tm,36.79901777504734,2.110796267751469,33.37149151583364,36.55688089609854,41.95681665734343,pLA,NA,NA
cf.q,0.004198787589792032,0.0012824800907860316,0.001976439200286641,0.004096673904527785,0.007024710694981956,pLA,NA,NA
cf.sigma,0.2596267821285233,0.03714086170976155,0.19909974394860838,0.2550012515924883,0.3445503826060883,pLA,NA,NA
deviance,2.7968481201701403,3.1943295299578978,-1.338974160574636,2.121008408646221,10.890824801696684,pLA,NA,NA
Topt,23.443366666666666,0.9819234239302572,21.5,23.5,25.5,pLA,23,24
Tbreadth,26.712595552339124,3.3831727764115946,21.36790169368602,26.245518990575817,34.9328851227654,pLA,NA,NA
