term,mean,sd,lowerCI,median,upperCI,trait,lowerQ,upperQ
cf.T0,9.411745880123194,1.312658345377704,6.948533271669079,9.332722336137842,12.151613207240896,pLA,NA,NA
cf.Tm,36.73172151543208,1.5974685617486182,33.881526880264765,36.64847522211197,40.12102102193369,pLA,NA,NA
cf.q,0.0038049210817957878,7.514159211288597e-4,0.002533279727877702,0.00373151009049904,0.005486467811386593,pLA,NA,NA
cf.sigma,0.2548802785295616,0.04875344887546109,0.18027217935435158,0.24797944346777626,0.36885654546496405,pLA,NA,NA
deviance,0.18153011297947916,2.445553616557662,-2.779550009853771,-0.3856078180894049,6.3801557837422065,pLA,NA,NA
Topt,23.0695,1.0212064470552304,21.2,23,25.2,pLA,22.4,23.7
Tbreadth,27.319975635308886,2.09787581831133,23.296208191426434,27.271000728362083,31.59183241088411,pLA,NA,NA
