term,mean,sd,lowerCI,lowerQ,median,upperQ,upperCI,treatment,trait
cf.T0,2.1531623241869666,2.953689121240055,-3.4339888288625358,-0.008554090201870812,2.351369233137667,4.29226076911435,7.6463020859543285,c,NA
cf.Tm,34.530807095349864,2.489982801809515,31.37965745703771,32.848171756333244,33.95328521880434,35.54003369918992,41.63076553062738,c,NA
cf.q,0.003405024860050576,0.0011472635521549274,0.001591738264863792,0.002570693503279215,0.0032866691715501117,0.00408102575592339,0.0059522178153339255,c,NA
Topt,18.205273333333334,1.6796788224792663,15,17.3,18.2,19.1,21.8,NA,c
