term,mean,sd,lowerCI,lowerQ,median,upperQ,upperCI,treatment
cf.T0,2.472674135092974,2.953689121240055,-3.114477017956528,0.31095772070413674,2.6708810440436745,4.611772580020357,7.965813896860336,c
cf.Tm,34.85031890625587,2.489982801809515,31.699169267943713,33.167683567239244,34.27279702971035,35.85954551009593,41.950277341533386,c
cf.q,0.003405024860050576,0.0011472635521549274,0.001591738264863792,0.002570693503279215,0.0032866691715501117,0.00408102575592339,0.0059522178153339255,c
Topt,18.66156,1.5594731471984769,15.8,17.7,18.6,19.5,22.3,c
