term,mean,sd,lowerCI,median,upperCI,treatment
cf.T0,6.156967533757132,2.953689121240055,0.5698162293565529,6.355174407721291,11.650107295518879,c
cf.Tm,38.53461230492003,2.489982801809515,35.38346266660052,37.95709042834587,45.63457074014922,c
cf.q,0.003405024860050576,0.0011472635521549274,0.0015917382597999464,0.0032866691712083876,0.00595221781015085,c
cf.sigma,0.1604537406449687,0.09436226479430948,0.06493649354049157,0.1346315194773179,0.4182248868022276,c
deviance,-7.350097671871812,4.250567334182057,-13.096749281155171,-8.205348241375129,3.328406203098577,c
Topt,22.8814462263814,3.1749715904150433,16.8,22.6,30.2,c
Tbreadth,32.3776447711629,4.486310483472011,25.013400281602394,31.815828267324065,42.35343644089359,c
