term,mean,sd,lowerCI,lowerQ,median,upperQ,upperCI,treatment,trait
cf.T0,4.73000104626654,4.068589140660159,-3.2525076677697844,1.6931066123566836,5.107844344671938,7.892127287936758,11.626851563973682,EFGC,NA
cf.Tm,35.48938195102836,2.8736341183729706,29.492575091370274,33.55910092692682,35.495262453637594,37.58928273626201,40.51686796567526,EFGC,NA
cf.q,0.2915374004064997,0.136684022758628,0.12979783946047005,0.1927710499410372,0.2583270203254319,0.3529698575441515,0.6509311183305411,EFGC,NA
Topt,20.109713333333332,1.9377397417720157,16.1,18.8,20.2,21.5,23.6,NA,EFGC
