term,mean,sd,lowerCI,median,upperCI,treatment,lowerQ,upperQ
cf.T0,8.733806255836704,4.068589140660159,0.751296966069078,9.11164953448124,15.63065674646061,EFGC,NA,NA
cf.Tm,39.49318716059853,2.8736341183729706,33.496380300936046,39.4990676630721,44.52067317478887,EFGC,NA,NA
cf.q,0.2915374004064997,0.136684022758628,0.12979783943590326,0.2583270199538257,0.650931118257603,EFGC,NA,NA
cf.sigma,26.47852152458343,5.537730796705308,18.99306573916203,25.496514800325496,40.153488065569306,EFGC,NA,NA
deviance,291.51310833605083,3.353705319287554,287.7026330053431,290.6192202633592,300.3151868166647,EFGC,NA,NA
Topt,24.11348,1.9375886834569451,20.1,24.2,27.6,EFGC,22.8,25.5
Tbreadth,30.759380904761823,5.8829144527986115,19.622317502333203,30.602557171188142,41.847474394082525,EFGC,NA,NA
