term,mean,sd,lowerCI,lowerQ,median,upperQ,upperCI,treatment
cf.T0,5.049512857172547,4.068589140660159,-2.932995856863777,2.0126184232626914,5.427356155577946,8.211639098842767,11.94636337487969,EFGC
cf.Tm,35.80889376193437,2.8736341183729706,29.81208690227628,33.878612737832825,35.8147742645436,37.908794547168014,40.83637977658127,EFGC
cf.q,0.2915374004064997,0.136684022758628,0.12979783946047005,0.1927710499410372,0.2583270203254319,0.3529698575441515,0.6509311183305411,EFGC
Topt,20.429446666666667,1.93760019443033,16.4,19.2,20.6,21.8,24,EFGC
