term,mean,sd,lowerCI,median,upperCI,treatment
cf.T0,2.6042261753554388,1.4523665265459138,0.24224819713440132,2.5118251303545778,5.662555501261045,EV
cf.Tm,52.04821645674957,4.873594537659209,43.478876225525575,51.74649620589606,62.60912353486752,EV
cf.q,0.0015643730693332902,4.1485799101269154e-4,9.579703036343274e-4,0.0014981865603251074,0.0025519911752228683,EV
cf.sigma,0.13450098247692688,0.03862153130956916,0.08152762003179943,0.1273057448352833,0.23039548069357835,EV
deviance,-15.923412987555128,3.8491992973478926,-21.292790743511283,-16.62185640844715,-6.582586064282096,EV
Topt,26.67765844584284,3.753873797184408,19.7,26.5,35.1,EV
Tbreadth,49.443990281394136,5.718420855220629,38.86631610528892,49.236434480081115,61.33061734383287,EV
