term,mean,sd,lowerCI,median,upperCI,treatment
cf.T0,0.09759955881507151,0.12477517026948287,2.7991549340741247e-4,0.05149181003663636,0.4453398391217128,MDR
cf.Tm,35.21640946498401,0.7562131028468548,33.763851775510965,35.199002199479644,36.72947380248354,MDR
cf.q,6.877361704432454e-5,1.9774734995227957e-6,6.49259240576979e-5,6.875927480373541e-5,7.273504958345876e-5,MDR
cf.sigma,0.00846312807446157,0.00106879041279629,0.006714964996966973,0.008356279682913128,0.010851114545464476,MDR
deviance,-269.8074681708065,3.9139648543073644,-274.2613927295081,-270.8553003554922,-259.7511762238371,MDR
Topt,28.182993333333332,0.6055068531339413,27,28.2,29.4,MDR
Tbreadth,35.11880990616894,0.7640858920157807,33.652122432667426,35.10556131132123,36.6402375494747,MDR
