term,mean,sd,lowerCI,median,upperCI,treatment
cf.T0,10.775422884500298,2.0959663351167817,6.604767085990076,10.78081978471717,15.070123668459697,PDR
cf.Tm,37.1707482743664,7.600869272752508,26.617984497866857,35.86015660342958,55.15843587113515,PDR
cf.q,8.879001218386386e-5,4.0945621343326395e-5,4.034963196792729e-5,7.975077438961554e-5,1.8685539883896675e-4,PDR
cf.sigma,0.013441822707045463,0.006914126552049155,0.006491420288983301,0.011755080541759316,0.030504951237350815,PDR
deviance,-42.72101217023304,3.747871250234086,-47.076352449478506,-43.648034877040004,-33.254880367282325,PDR
Topt,30.718245954692556,6.167824688925436,22.5,29.9,45,PDR
Tbreadth,26.395325389866105,8.2952135425736,13.732433604222159,25.25869968350684,45.507614603534954,PDR
