term,mean,sd,lowerCI,median,upperCI,treatment
cf.T0,8.99707951568704,0.6593939278412224,7.773931665478212,8.981321831587122,10.634112643588963,pLA
cf.Tm,41.86448583932051,2.0251666323510706,38.593940108051655,41.63518716012724,46.517444965104126,pLA
cf.q,0.0031252396919334113,5.058465827492474e-4,0.002208262297878829,0.003102224984301724,0.00425622088576427,pLA
cf.sigma,0.0644288166182028,0.019040253073362438,0.038883205043224,0.06091492792211501,0.11042402458459118,pLA
deviance,-33.67490699797866,3.9946512455911427,-38.61567976164622,-34.619423009926976,-23.725299729485435,pLA
Topt,25.43144,0.8907542249535605,24,25.3,27.5,pLA
Tbreadth,32.86740632363347,2.429220878344248,28.475810150076867,32.65756000449693,38.32088663041694,pLA
