"","term","mean","sd","lowerCI","lowerQ","median","upperQ","upperCI","treatment"
"1","Tmin",13.9743133333333,1.37630876267267,11.2,13.2,14,14.8,16.6,"S"
"2","Tmax",33.1056266666667,2.77207394686482,26.7,31.3,34.2,35.2,36.3,"S"
"3","Topt",27.5195911949686,3.54312676013223,19.8,27,28,28.7,30.2525,"S"
"4","Tbreadth",19.1313133333333,3.14362195019587,12.2,17.2,19.9,21.4,23.9,"S"
